page_url,page_teams
https://arts.ucalgary.ca/about/faculty-and-staff,ARTS - 1
https://arts.ucalgary.ca/classics-religion,CLARE - 2
https://arts.ucalgary.ca/future-students/undergraduate-experience/opportunities,ARTS - 1
https://arts.ucalgary.ca/clare-intermediary/ancient-and-medieval-history-old,CLARE - 2
https://arts.ucalgary.ca/future-students/graduate-experience/why-arts,ARTS - 1
https://arts.ucalgary.ca/node/35,ARTS - 1
https://arts.ucalgary.ca/clare-intermediary/student-advising,CLARE - 2
https://arts.ucalgary.ca/clare-intermediary/greek-and-roman-studies-old,CLARE - 2
https://arts.ucalgary.ca/clare-intermediary/religious-studies-old,CLARE - 2
https://arts.ucalgary.ca/clare-intermediary/south-asian-studies-old,CLARE - 2
https://arts.ucalgary.ca/classics-religion/future-students/graduate/programs/greek-and-roman-studies,CLARE - 2
https://arts.ucalgary.ca/classics-religion/future-students/graduate/programs/religious-studies,CLARE - 2
https://arts.ucalgary.ca/classics-religion/future-students/graduate,CLARE - 2
https://arts.ucalgary.ca/about/alumni/stay-connected,ARTS - 1
https://arts.ucalgary.ca/about/about-faculty,ARTS - 1
https://arts.ucalgary.ca/about/office-dean,ARTS - 1
https://arts.ucalgary.ca/about/about-faculty/campus-emergency-information-status,ARTS - 1
https://arts.ucalgary.ca/about/community/arts-co-op-employers,ARTS - 1
https://arts.ucalgary.ca/contacts/contact-us/communications-and-marketing,ARTS - 1
https://arts.ucalgary.ca/classics-religion/research/chair-christian-thought,CLARE - 2
https://arts.ucalgary.ca/classics-religion/current-students/graduate/phd-candidacy-policies,CLARE - 2
https://arts.ucalgary.ca/future-students/undergraduate-experience/opportunities/what-arts-co-op,ARTS - 1
https://arts.ucalgary.ca/current-students/undergraduate/internationalize-your-degree,ARTS - 1
https://arts.ucalgary.ca/current-students/undergraduate/arts-co-operative-education-program/current-students,ARTS - 1
https://arts.ucalgary.ca/clare/current-students/graduate/phd-candidacy-policies,ARTS - 1
https://arts.ucalgary.ca/node/181,ARTS - 1
https://arts.ucalgary.ca/geography/future-students/undergraduate/programs/geography,ARTS - 1
https://arts.ucalgary.ca/geography/future-students/graduate/programs/thesis-graduate-programs,ARTS - 1
https://arts.ucalgary.ca/geography/future-students/graduate/how-apply,ARTS - 1
https://arts.ucalgary.ca/current-students/undergraduate/student-news,ARTS - 1
https://arts.ucalgary.ca/command-centre,ARTS - 1
https://arts.ucalgary.ca/about/about-faculty/leon-frog,ARTS - 1
https://arts.ucalgary.ca/node/254,ARTS - 1
https://arts.ucalgary.ca/political-science,POLI - 9
https://arts.ucalgary.ca/about/faculty-and-staff/get-help/arts-it/arts-it-afc-lab,ARTS - 1
https://arts.ucalgary.ca/contacts/contact-us/communications-and-marketing/social-media,ARTS - 1
https://arts.ucalgary.ca/political-science/contact,POLI - 9
https://arts.ucalgary.ca/research/contact-us,Research - 18
https://arts.ucalgary.ca/political-science/research/research-faculty/olds,POLI - 9
https://arts.ucalgary.ca/english,ENGL - 13
https://arts.ucalgary.ca/political-science/future-students/undergraduate/programs/political-science,POLI - 9
https://arts.ucalgary.ca/political-science/future-students/undergraduate/programs/political-science-cooperative,POLI - 9
https://arts.ucalgary.ca/political-science/future-students/undergraduate/programs/political-science-ba-education,POLI - 9
https://arts.ucalgary.ca/political-science/future-students/undergraduate/programs/political-science-minor,POLI - 9
https://arts.ucalgary.ca/political-science/future-students/graduate/program-requirements/ma-course-and-thesis,POLI - 9
https://arts.ucalgary.ca/political-science/future-students/graduate/program-requirements/phd-candidacy,POLI - 9
https://arts.ucalgary.ca/geography/current-students/graduate/regulations/student-funding-policy,ARTS - 1
https://arts.ucalgary.ca/geography/current-students/graduate/regulations/thesis-based-degree-guidelines,ARTS - 1
https://arts.ucalgary.ca/geography/current-students/graduate/regulations/doctoral-candidacy-requirements,ARTS - 1
https://arts.ucalgary.ca/geography/current-students/graduate/regulations/mgis-degree-guidelines,ARTS - 1
https://arts.ucalgary.ca/political-science/future-students/undergraduate/programs/international-relations/international,POLI - 9
https://arts.ucalgary.ca/political-science/future-students/international-relations/programs/international-relations-coop-ba,POLI - 9
https://arts.ucalgary.ca/political-science/about/alumni,POLI - 9
https://arts.ucalgary.ca/english/contact,ENGL - 13
https://arts.ucalgary.ca/english/future-students/undergraduate/contacts,ARTS - 1
https://arts.ucalgary.ca/english/future-students/undergraduate/programs/english-degree,ARTS - 1
https://arts.ucalgary.ca/english/future-students/undergraduate/programs/minor-medieval-renaissance-and-reformation-studies,ARTS - 1
https://arts.ucalgary.ca/english/future-students/graduate/programs/ma-english,ARTS - 1
https://arts.ucalgary.ca/english/future-students/graduate/programs/phd-english,ARTS - 1
https://arts.ucalgary.ca/anthropology-archaeology,ANTH - 20
https://arts.ucalgary.ca/communication-media-film,CMF - 21
https://arts.ucalgary.ca/languages-linguistics-literatures-cultures,FRENCH CENTRE - 54
https://arts.ucalgary.ca/communication-media-film/contact,CMF - 21
https://arts.ucalgary.ca/communication-media-film/future-students/graduate/how-apply,CMF - 21
https://arts.ucalgary.ca/communication-media-film/about/alumni,CMF - 21
https://arts.ucalgary.ca/anthropology-archaeology/future-students/graduate/how-apply,ANTH - 20
https://arts.ucalgary.ca/english/current-students/graduate/reading-lists,ARTS - 1
https://arts.ucalgary.ca/about/community/calgary-distinguished-writers-program,CDWP - 23
https://arts.ucalgary.ca/language-research-centre-home,LRC - 55
https://arts.ucalgary.ca/philosophy,PHIL - 33
https://arts.ucalgary.ca/psychology,PSYC - 34
https://arts.ucalgary.ca/anthropology-archaeology/about/alumni,ANTH - 20
https://arts.ucalgary.ca/department-template/contact,ARTS - 1
https://arts.ucalgary.ca/department-template/future-students/undergraduate/programs/sample-program,ARTS - 1
https://arts.ucalgary.ca/department-template/future-students/graduate/programs/sample-program,ARTS - 1
https://arts.ucalgary.ca/english/about/alumni,ENGL - 13
https://arts.ucalgary.ca/anthropology-archaeology/future-students/undergraduate/programs/social-and-cultural-anthropology,ANTH - 20
https://arts.ucalgary.ca/anthropology-archaeology/future-students/undergraduate/programs/biological-anthropology,ANTH - 20
https://arts.ucalgary.ca/anthropology-archaeology/future-students/undergraduate/programs/archaeology,ANTH - 20
https://arts.ucalgary.ca/anthropology-archaeology/future-students/undergraduate/programs/development-studies,ANTH - 20
https://arts.ucalgary.ca/art-art-history/about/alumni,ART & ART HIST - 36
https://arts.ucalgary.ca/communication-media-film/future-students/undergraduate/programs/communication-and-media-studies,CMF - 21
https://arts.ucalgary.ca/communication-media-film/future-students/undergraduate/programs/film-studies,CMF - 21
https://arts.ucalgary.ca/anthropology-archaeology/future-students/undergraduate/field-schools,ANTH - 20
https://arts.ucalgary.ca/anthropology-archaeology/future-students/graduate/programs/anthropology,ANTH - 20
https://arts.ucalgary.ca/anthropology-archaeology/future-students/graduate/programs/archaeology,ANTH - 20
https://arts.ucalgary.ca/anthropology-archaeology/future-students/graduate/programs/biological-anthropology,ANTH - 20
https://arts.ucalgary.ca/english/research/tia-house,Research - 18
https://arts.ucalgary.ca/english/future-students/graduate/free-exchange-graduate-conference,ARTS - 1
https://arts.ucalgary.ca/art-art-history/future-students/graduate/master-fine-arts,ART & ART HIST - 36
https://arts.ucalgary.ca/anthropology-archaeology/future-students/graduate/anthropology-phd-candidacy-policy,ANTH - 20
https://arts.ucalgary.ca/anthropology-archaeology/future-students/graduate/archaeology-phd-candidacy-policy,ANTH - 20
https://arts.ucalgary.ca/english/future-students/graduate/how-apply,ARTS - 1
https://arts.ucalgary.ca/anthropology-archaeology/about/community-engagement/public-archaeology-program/artifacts,ANTH - 20
https://arts.ucalgary.ca/art-art-history/research/selected-works/faculty,ART & ART HIST - 36
https://arts.ucalgary.ca/communication-media-film/future-students/graduate/programs/master-arts-ma,CMF - 21
https://arts.ucalgary.ca/communication-media-film/future-students/graduate/programs/doctor-philosophy-phd,CMF - 21
https://arts.ucalgary.ca/communication-media-film/future-students/graduate/referee-requirements,CMF - 21
https://arts.ucalgary.ca/languages-linguistics-literatures-cultures/language-placement,FRENCH CENTRE - 54
https://arts.ucalgary.ca/communication-media-film/future-students/undergraduate/programs/honours-program,CMF - 21
https://arts.ucalgary.ca/languages-linguistics-literatures-cultures/about/alumni,FRENCH CENTRE - 54
https://arts.ucalgary.ca/communication-media-film/future-students/undergraduate/student-clubs,CMF - 21
https://arts.ucalgary.ca/languages-linguistics-literatures-cultures/future-students/graduate/degree-programs/languages-literatures-and,FRENCH CENTRE - 54
https://arts.ucalgary.ca/languages-linguistics-literatures-cultures/future-students/graduate/degree-programs/linguistics/potential-research,FRENCH CENTRE - 54
https://arts.ucalgary.ca/creative-performing-arts/future-students/undergraduate-music/undergraduate-programs/ba-music,SCPA - 26
https://arts.ucalgary.ca/creative-performing-arts/future-students/undergraduate-music/undergraduate-programs/bmus,SCPA - 26
https://arts.ucalgary.ca/creative-performing-arts/about/alumni,SCPA - 26
https://arts.ucalgary.ca/creative-performing-arts/news-and-events,SCPA - 26
https://arts.ucalgary.ca/integrated-arts-media-labs,ART & ART HIST - 36
https://arts.ucalgary.ca/art-art-history/current-students/graduate/faculty-grad-studies/integrated-arts-media-labs,ART & ART HIST - 36
https://arts.ucalgary.ca/creative-performing-arts/future-students/undergraduate-music/undergraduate-programs/concentration-sonic-arts,SCPA - 26
https://arts.ucalgary.ca/node/1224,ARTS - 1
https://arts.ucalgary.ca/creative-performing-arts/future-students/undergraduate-drama/drama,SCPA - 26
https://arts.ucalgary.ca/communication-media-film/current-students/graduate/doctoral-candidacy-requirements,CMF - 21
https://arts.ucalgary.ca/languages-linguistics-literatures-cultures/arabic-language-muslim-cultures/contact,FRENCH CENTRE - 54
https://arts.ucalgary.ca/languages-linguistics-literatures-cultures/french-francophone-studies/home/contact,FRENCH CENTRE - 54
https://arts.ucalgary.ca/languages-linguistics-literatures-cultures/french-centre/activites,FRENCH CENTRE - 54
https://arts.ucalgary.ca/languages-linguistics-literatures-cultures/french-centre/nous-contacter,FRENCH CENTRE - 54
https://arts.ucalgary.ca/languages-linguistics-literatures-cultures/french-centre/activites/le-centre,FRENCH CENTRE - 54
https://arts.ucalgary.ca/creative-performing-arts/future-students/undergraduate-dance/dance,SCPA - 26
https://arts.ucalgary.ca/languages-linguistics-literatures-cultures/chinese/home/contact,FRENCH CENTRE - 54
https://arts.ucalgary.ca/languages-linguistics-literatures-cultures/german/home/contact,FRENCH CENTRE - 54
https://arts.ucalgary.ca/languages-linguistics-literatures-cultures/italian/contact,FRENCH CENTRE - 54
https://arts.ucalgary.ca/philosophy/contact,PHIL - 33
https://arts.ucalgary.ca/philosophy/about/alumni,PHIL - 33
https://arts.ucalgary.ca/languages-linguistics-literatures-cultures/japanese/contact,FRENCH CENTRE - 54
https://arts.ucalgary.ca/philosophy/future-students/undergraduate/programs/philosophy,ARTS - 1
https://arts.ucalgary.ca/languages-linguistics-literatures-cultures/russian/contact,FRENCH CENTRE - 54
https://arts.ucalgary.ca/languages-linguistics-literatures-cultures/spanish/home/contact,FRENCH CENTRE - 54
https://arts.ucalgary.ca/anthropology-archaeology/about/DEST591,ANTH - 20
https://arts.ucalgary.ca/philosophy/future-students/graduate/programs/phd,ARTS - 1
https://arts.ucalgary.ca/philosophy/future-students/graduate/programs/ma-thesis-based,ARTS - 1
https://arts.ucalgary.ca/languages-linguistics-literatures-cultures/news-and-events,FRENCH CENTRE - 54
https://arts.ucalgary.ca/languages-linguistics-literatures-cultures/french-centre,FRENCH CENTRE - 54
https://arts.ucalgary.ca/creative-performing-arts/future-students/undergraduate-dance/how-apply/audition-application,SCPA - 26
https://arts.ucalgary.ca/languages-linguistics-literatures-cultures/french-centre/activites/voyage-au-quebec/bourse-detudes-au-quebec,FRENCH CENTRE - 54
https://arts.ucalgary.ca/philosophy/current-students/graduate/resources/doctoral-candidacy,ARTS - 1
https://arts.ucalgary.ca/language-research-centre/contact,LRC - 55
https://arts.ucalgary.ca/psychology/about/alumni,PSYC - 34
https://arts.ucalgary.ca/node/371590,ARTS - 1
https://arts.ucalgary.ca/psychology-clinic/our-team,Psychology Clinic
https://arts.ucalgary.ca/psychology-clinic/contacts,Psychology Clinic
https://arts.ucalgary.ca/psychology/future-students/undergraduate/programs/bachelor-arts-psychology,ARTS - 1
https://arts.ucalgary.ca/psychology/future-students/undergraduate/programs/bachelor-science-psychology,ARTS - 1
https://arts.ucalgary.ca/psychology/future-students/graduate/programs/clinical-psychology,ARTS - 1
https://arts.ucalgary.ca/psychology/future-students/graduate/programs/psychology,ARTS - 1
https://arts.ucalgary.ca/psychology/future-students/graduate/phd-candidacy-policies,ARTS - 1
https://arts.ucalgary.ca/psychology/future-students/undergraduate/programs/combined-degree-community-rehabilitation,ARTS - 1
https://arts.ucalgary.ca/psychology/current-students/undergraduate/honours-program,ARTS - 1
https://arts.ucalgary.ca/psychology/current-students/undergraduate/student-clubs,ARTS - 1
https://arts.ucalgary.ca/history/future-students/undergraduate/programs/history,ARTS - 1
https://arts.ucalgary.ca/psychology/current-students/undergraduate/current-undergraduate-students-psychology,ARTS - 1
https://arts.ucalgary.ca/history/future-students/graduate/phd-candidacy-requirements,ARTS - 1
https://arts.ucalgary.ca/history/current-students/graduate/hist-current-students-graduate-history-graduate-students-union,ARTS - 1
https://arts.ucalgary.ca/history/about/alumni/hist-about-graduate-alumni,HIST - 29
https://arts.ucalgary.ca/graduate-student-handbook,HIST - 29
https://arts.ucalgary.ca/history/current-students/graduate/hist-current-graduate-ma-program-schedule,ARTS - 1
https://arts.ucalgary.ca/history/current-students/graduate/hist-current-graduate-phd-program-schedule,ARTS - 1
https://arts.ucalgary.ca/languages-linguistics-literatures-cultures/italian/programs-and-resources,FRENCH CENTRE - 54
https://arts.ucalgary.ca/languages-linguistics-literatures-cultures/italian/programs-and-resources/resources,FRENCH CENTRE - 54
https://arts.ucalgary.ca/languages-linguistics-literatures-cultures/future-students/graduate/contacts,FRENCH CENTRE - 54
https://arts.ucalgary.ca/languages-linguistics-literatures-cultures/chinese/home/assessment-and-placement/chinese-proficiency-testing,FRENCH CENTRE - 54
https://arts.ucalgary.ca/languages-linguistics-literatures-cultures/chinese/home/community/calgary-chinese-language-and-culture-resources,FRENCH CENTRE - 54
https://arts.ucalgary.ca/sociology/contact,SOCI - 35
https://arts.ucalgary.ca/sociology/research/ethics-approval,SOCI - 35
https://arts.ucalgary.ca/sociology/current-students/graduate/sociology-graduate-students-caucus,ARTS - 1
https://arts.ucalgary.ca/sociology/future-students/graduate/phd-candidacy-policies,ARTS - 1
https://arts.ucalgary.ca/sociology/future-students/undergraduate/programs/law-and-society,ARTS - 1
https://arts.ucalgary.ca/sociology/future-students/undergraduate/programs/sociology,ARTS - 1
https://arts.ucalgary.ca/sociology/current-students/undergraduate/career-advice,ARTS - 1
https://arts.ucalgary.ca/sociology/news,SOCI - 35
https://arts.ucalgary.ca/sociology/news/publications,SOCI - 35
https://arts.ucalgary.ca/languages-linguistics-literatures-cultures/current-students/undergraduate/linguistics,FRENCH CENTRE - 54
https://arts.ucalgary.ca/languages-linguistics-literatures-cultures/french-centre/repsit/french-centre-repsit-civilization,FRENCH CENTRE - 54
https://arts.ucalgary.ca/languages-linguistics-literatures-cultures/french-centre/repsit/french-centre-repsit-dictionnaires,FRENCH CENTRE - 54
https://arts.ucalgary.ca/languages-linguistics-literatures-cultures/french-centre/repsit/french-centre-repsit-exercices-de-langue-grammarie,FRENCH CENTRE - 54
https://arts.ucalgary.ca/languages-linguistics-literatures-cultures/french-centre/repsit/french-centre-repsit-exercisces-de-langue-vocabulaire,FRENCH CENTRE - 54
https://arts.ucalgary.ca/languages-linguistics-literatures-cultures/french-centre/repsit/comprehension-culture-phonetique,FRENCH CENTRE - 54
https://arts.ucalgary.ca/languages-linguistics-literatures-cultures/french-centre/repsit/delf-dalf,FRENCH CENTRE - 54
https://arts.ucalgary.ca/languages-linguistics-literatures-cultures/french-centre/repsit/french-centre-repsit-rhetorique,FRENCH CENTRE - 54
https://arts.ucalgary.ca/languages-linguistics-literatures-cultures/french-centre/repsit/french-centre-repsit-journaux-et-medias,FRENCH CENTRE - 54
https://arts.ucalgary.ca/languages-linguistics-literatures-cultures/french-centre/repsit/librairies-bibliotheques-et-maisons-dedition,FRENCH CENTRE - 54
https://arts.ucalgary.ca/languages-linguistics-literatures-cultures/french-centre/repsit/linguistique,FRENCH CENTRE - 54
https://arts.ucalgary.ca/languages-linguistics-literatures-cultures/french-centre/repsit/french-centre-repsit-litterature,FRENCH CENTRE - 54
https://arts.ucalgary.ca/languages-linguistics-literatures-cultures/french-centre/repsit/litterature-jeunesse,FRENCH CENTRE - 54
https://arts.ucalgary.ca/languages-linguistics-literatures-cultures/french-centre/repsit/musique,FRENCH CENTRE - 54
https://arts.ucalgary.ca/languages-linguistics-literatures-cultures/french-centre/repsit/french-centre-repsit-pedagogie,FRENCH CENTRE - 54
https://arts.ucalgary.ca/sociology/future-students/graduate/recent-graduates/ma-graduates,ARTS - 1
https://arts.ucalgary.ca/sociology/future-students/graduate/recent-graduates/phd-graduates,ARTS - 1
https://arts.ucalgary.ca/sociology/future-students/graduate/recent-graduates/past-postdoc-placements,ARTS - 1
https://arts.ucalgary.ca/sociology/current-students/graduate/funding/departmental-scholarships-and-awards,ARTS - 1
https://arts.ucalgary.ca/languages-linguistics-literatures-cultures/current-students/undergraduate/student-clubs,FRENCH CENTRE - 54
https://arts.ucalgary.ca/languages-linguistics-literatures-cultures/future-students/graduate/how-apply,FRENCH CENTRE - 54
https://arts.ucalgary.ca/economics/future-students/graduate/job-placements,ARTS - 1
https://arts.ucalgary.ca/economics/future-students/graduate/programs/master-arts-ma,ARTS - 1
https://arts.ucalgary.ca/economics/future-students/graduate/programs/doctor-philosophy-phd,ARTS - 1
https://arts.ucalgary.ca/economics/current-students/undergraduate/presentations,ARTS - 1
https://arts.ucalgary.ca/economics/contact,ECON - 27
https://arts.ucalgary.ca/economics/research/research-conferences-workshops/inaugural-alumni-conference,ECON - 27
https://arts.ucalgary.ca/centre-military-security-strategic-studies/contact,CMSS - 25
https://arts.ucalgary.ca/centre-military-security-strategic-studies/future-students/fees-and-funding,CMSS - 25
https://arts.ucalgary.ca/centre-military-security-strategic-studies/future-students/how-apply,CMSS - 25
https://arts.ucalgary.ca/centre-military-security-strategic-studies/future-students/graduate-programs/master-strategic-studies,CMSS - 25
https://arts.ucalgary.ca/centre-military-security-strategic-studies/future-students/fees-and-funding/funding-policy,CMSS - 25
https://arts.ucalgary.ca/calgary-institute-humanities/news-and-publications/newsletter,CIH - 24
https://arts.ucalgary.ca/centre-military-security-strategic-studies/future-students/graduate-programs/MSS-Thesis-Requirements,CMSS - 25
https://arts.ucalgary.ca/history/current-students/graduate/graduate-student-handbook,HIST - 29
https://arts.ucalgary.ca/history/current-students/undergraduate/student-handbook,ARTS - 1
https://arts.ucalgary.ca/history/current-students/undergraduate/honours-application-process,ARTS - 1
https://arts.ucalgary.ca/history/news,HIST - 29
https://arts.ucalgary.ca/centre-military-security-strategic-studies/research/publications/documents-canadian-arctic-sovereignty-and-security,CMSS - 25
https://arts.ucalgary.ca/centre-military-security-strategic-studies/research/publications/journal-military-and-strategic-studies,CMSS - 25
https://arts.ucalgary.ca/art-art-history/about/facilities/studio-workshop-and-technical-resources/sculpture,ART & ART HIST - 36
https://arts.ucalgary.ca/art-art-history/about/facilities/studio-workshop-and-technical-resources/wood-and-metal-workshops,ART & ART HIST - 36
https://arts.ucalgary.ca/art-art-history/about/facilities/studio-workshop-and-technical-resources/animation-studio,ART & ART HIST - 36
https://arts.ucalgary.ca/art-art-history/about/facilities/studio-workshop-and-technical-resources/litho-studio,ART & ART HIST - 36
https://arts.ucalgary.ca/art-art-history/about/facilities/studio-workshop-and-technical-resources/etching-studio,ART & ART HIST - 36
https://arts.ucalgary.ca/art-art-history/about/facilities/studio-workshop-and-technical-resources/photography-studio,ART & ART HIST - 36
https://arts.ucalgary.ca/international-indigenous-studies/contact,IIS - 30
https://arts.ucalgary.ca/international-indigenous-studies/current-students/courses,IIS - 30
https://arts.ucalgary.ca/international-indigenous-studies/contact/indigenous-supports-campus,IIS - 30
https://arts.ucalgary.ca/international-indigenous-studies/contact/indigenous-supports-campus-0,IIS - 30
https://arts.ucalgary.ca/centre-military-security-strategic-studies/future-students/faqs,CMSS - 25
https://arts.ucalgary.ca/creative-performing-arts/news-and-events/school-events/2020-21-online-performances,SCPA - 26
https://arts.ucalgary.ca/calgary-institute-humanities/working-groups-and-research/interdisciplinary-working-groups/cih-working-groups-and-research-working-groups-2019-20-archives,CIH - 24
https://arts.ucalgary.ca/calgary-institute-humanities/contact,CIH - 24
https://arts.ucalgary.ca/political-science/current-students/undergraduate/political-science-program-requirements/ba-honours-political-science,POLI - 9
https://arts.ucalgary.ca/about/about-faculty/equity-diversity-inclusion-accessibiliy,ARTS - 1
https://arts.ucalgary.ca/classics-religion/research/expanding-sikh-studies,CLARE - 2
https://arts.ucalgary.ca/languages-linguistics-literatures-cultures/conferences/ICCSLTE2022/ICCSLTE2022,FRENCH CENTRE - 54
https://arts.ucalgary.ca/calgary-institute-humanities/working-groups-and-research/publication-support,CIH - 24
https://arts.ucalgary.ca/languages-linguistics-literatures-cultures/conferences/ICCSLTE2022/main,FRENCH CENTRE - 54
https://arts.ucalgary.ca/languages-linguistics-literatures-cultures/conferences/ICCSLTE2022/HighlightedSpeakers,FRENCH CENTRE - 54
https://arts.ucalgary.ca/languages-linguistics-literatures-cultures/conferences/ICCSLTE2022/AbstractSubmission,FRENCH CENTRE - 54
https://arts.ucalgary.ca/languages-linguistics-literatures-cultures/conferences/ICCSLTE2022/Registration,FRENCH CENTRE - 54
https://arts.ucalgary.ca/languages-linguistics-literatures-cultures/conferences/ICCSLTE2022/Travel,FRENCH CENTRE - 54
https://arts.ucalgary.ca/languages-linguistics-literatures-cultures/conferences/ICCSLTE2022/Attractions,FRENCH CENTRE - 54
https://arts.ucalgary.ca/languages-linguistics-literatures-cultures/conferences/ICCSLTE2022/Accommodations,FRENCH CENTRE - 54
https://arts.ucalgary.ca/languages-linguistics-literatures-cultures/conferences/ICCSLTE2022/Contact,FRENCH CENTRE - 54
https://arts.ucalgary.ca/languages-linguistics-literatures-cultures/conferences/ICCSLTE2022/Exhibit,FRENCH CENTRE - 54
https://arts.ucalgary.ca/calgary-distinguished-writers-program/events/contests,CDWP - 23
https://arts.ucalgary.ca/psychology-clinic/news-and-events,Psychology Clinic
https://arts.ucalgary.ca/contacts/contact-us/deans-office-and-business-units,ARTS - 1
https://arts.ucalgary.ca/contacts/contact-us/deans-office-and-business-units/department-and-school-operations-contacts,ARTS - 1
https://arts.ucalgary.ca/languages-linguistics-literatures-cultures/conferences/ICCSLTE2022/agenda,FRENCH CENTRE - 54
https://arts.ucalgary.ca/node/1456227,ARTS - 1
https://arts.ucalgary.ca/creative-performing-arts/news-and-events/school-events/hookman,SCPA - 26
https://arts.ucalgary.ca/node/1456233,ARTS - 1
https://arts.ucalgary.ca/about/office-dean/dean-aoife-macnamara,ARTS - 1
https://arts.ucalgary.ca/calgary-institute-humanities/events-and-community/calgary-atlas-project/city-romance-literary-world-1920s-calgary,CIH - 24
https://arts.ucalgary.ca/node/1456250,ARTS - 1
https://arts.ucalgary.ca/calgary-institute-humanities/events-and-community/calgary-atlas-project/ring-ding-dong-dandy-map-stampede-wrestling,CIH - 24
https://arts.ucalgary.ca/calgary-institute-humanities/events-and-community/calgary-atlas-project/animals-guide-calgary,CIH - 24
https://arts.ucalgary.ca/node/1456258,ARTS - 1
https://arts.ucalgary.ca/calgary-institute-humanities/events-and-community/annual-community-forum/insect-apocalypse-2023,CIH - 24
https://arts.ucalgary.ca/arts-website-menu-survey-rules,ARTS - 1
https://arts.ucalgary.ca/psychology/contact/psychology-directory/full-time-faculty,PSYC - 34
https://arts.ucalgary.ca/psychology/contact/psychology-directory/sessional-instructors,PSYC - 34
https://arts.ucalgary.ca/psychology/contact/psychology-directory/graduate-students,PSYC - 34
https://arts.ucalgary.ca/psychology/contact/psychology-directory/emeriti-and-retired-professors,PSYC - 34
https://arts.ucalgary.ca/node/1456337,ARTS - 1
https://arts.ucalgary.ca/calgary-institute-humanities/events-and-community/lecture-series/egmont-lee-founders-lecture,CIH - 24
https://arts.ucalgary.ca/english/future-students/undergraduate/creative-writing,ARTS - 1
https://arts.ucalgary.ca/node/1456412,ARTS - 1
https://arts.ucalgary.ca/calgary-institute-humanities/events-and-community/lecture-series/naomi-lacey-memorial-lecture,CIH - 24
https://arts.ucalgary.ca/agsc-scratch-page,AGSC - 65
https://arts.ucalgary.ca/anar-scratch-page,ANTH - 20
https://arts.ucalgary.ca/daah-scratch-page,ART & ART HIST - 36
https://arts.ucalgary.ca/asc-scratch-page,ASC - 14
https://arts.ucalgary.ca/arts-scratch-page,ARTS - 1
https://arts.ucalgary.ca/asha-scratch-page,ASHA - 16
https://arts.ucalgary.ca/cdwp-scratch-page,CDWP - 23
https://arts.ucalgary.ca/calgary-institute-humanities-scratch-page,CIH - 24
https://arts.ucalgary.ca/clare-scratch-page,CLARE - 2
https://arts.ucalgary.ca/cmf-scratch-page,CMF - 21
https://arts.ucalgary.ca/cmss-scratch-page,CMSS - 25
https://arts.ucalgary.ca/coop-scratch-page,COOP - 15
https://arts.ucalgary.ca/econ-scratch-page,ECON - 27
https://arts.ucalgary.ca/engl-scratch-page,ENGL - 13
https://arts.ucalgary.ca/geog-scratch-page,GEOG - 3
https://arts.ucalgary.ca/hist-scratch-page,HIST - 29
https://arts.ucalgary.ca/iis-scratch-page,IIS - 30
https://arts.ucalgary.ca/phil-scratch-page,PHIL - 33
https://arts.ucalgary.ca/phil-for-everyone-scratch-page,Philosophy for everyone
https://arts.ucalgary.ca/poli-scratch-page,POLI - 9
https://arts.ucalgary.ca/psyc-scratch-page,PSYC - 34
https://arts.ucalgary.ca/psyc-clinic-scratch-page,Psychology Clinic
https://arts.ucalgary.ca/scpa-scratch-page,SCPA - 26
https://arts.ucalgary.ca/slllc-scratch-page,SLLLC - 22
https://arts.ucalgary.ca/french-centre-scratch-page,FRENCH CENTRE - 54
https://arts.ucalgary.ca/soci-scratch-page,SOCI - 35
https://arts.ucalgary.ca/node/1456443,ARTS - 1
https://arts.ucalgary.ca/calgary-distinguished-writers-program/writer-residence/online-monthly-book-club,CDWP - 23
https://arts.ucalgary.ca/political-science/research/mark-grosjean-postdoctoral-fellowship/past-fellows,POLI - 9
https://arts.ucalgary.ca/about/office-dean/faculty-council-and-committees,ARTS - 1
https://arts.ucalgary.ca/about/office-dean/associate-deans/research-old,Research - 18
https://arts.ucalgary.ca/node/1456453,ARTS - 1
https://arts.ucalgary.ca/calgary-institute-humanities/events-and-community/annual-community-forum/conspiracy-thinking-2024,CIH - 24
https://arts.ucalgary.ca/philosophy/about/draft-philosophy-everyone-program/work-us,PHIL - 33
https://arts.ucalgary.ca/calgary-institute-humanities/events-and-community/lecture-series/international-holocaust-remembrance-day-lecture-series,CIH - 24
https://arts.ucalgary.ca/node/1456471,ARTS - 1
https://arts.ucalgary.ca/languages-linguistics-literatures-cultures/contact/directory/full-time-faculty,FRENCH CENTRE - 54
https://arts.ucalgary.ca/node/1456475,ARTS - 1
https://arts.ucalgary.ca/geography/future-students/undergraduate/geographic-information-science-certificate,ARTS - 1
https://arts.ucalgary.ca/node/1456477,ARTS - 1
https://arts.ucalgary.ca/node/1456478,ARTS - 1
https://arts.ucalgary.ca/about/about-faculty/equity-diversity-inclusion-and-accessibility/archival-edi-statements,ARTS - 1
https://arts.ucalgary.ca/node/1456485,ARTS - 1
https://arts.ucalgary.ca/languages-linguistics-literatures-cultures/future-students/undergraduate/chinese-language-teacher-training/standalone-certificate,FRENCH CENTRE - 54
https://arts.ucalgary.ca/node/1456487,ARTS - 1
https://arts.ucalgary.ca/node/1456503,ARTS - 1
https://arts.ucalgary.ca/anthropology-archaeology/about/equity-diversity-inclusion-and-accessibility,ANTH - 20
https://arts.ucalgary.ca/art-art-history/about/equity-diversity-inclusion-and-accessibility,ART & ART HIST - 36
https://arts.ucalgary.ca/classics-religion/about/equity-diversity-inclusion-and-accessibility,CLARE - 2
https://arts.ucalgary.ca/communication-media-film/about/equity-diversity-inclusion-and-accessibility,CMF - 21
https://arts.ucalgary.ca/creative-performing-arts/about/equity-diversity-inclusion-and-accessibility,SCPA - 26
https://arts.ucalgary.ca/economics/about/equity-diversity-inclusion-and-accessibility,ECON - 27
https://arts.ucalgary.ca/english/about/equity-diversity-inclusion-and-accessibility,ENGL - 13
https://arts.ucalgary.ca/geography/about/equity-diversity-inclusion-and-accessibility,GEOG - 3
https://arts.ucalgary.ca/history/about/equity-diversity-inclusion-and-accessibility,HIST - 29
https://arts.ucalgary.ca/languages-linguistics-literatures-cultures/about/equity-diversity-inclusion-and-accessibility,FRENCH CENTRE - 54
https://arts.ucalgary.ca/philosophy/about/equity-diversity-inclusion-and-accessibility,PHIL - 33
https://arts.ucalgary.ca/political-science/about/equity-diversity-inclusion-and-accessibility,POLI - 9
https://arts.ucalgary.ca/psychology/about/equity-diversity-and-inclusion,PSYC - 34
https://arts.ucalgary.ca/sociology/about/equity-diversity-inclusion-and-accessibility,SOCI - 35
https://arts.ucalgary.ca/node/1456611,ARTS - 1
https://arts.ucalgary.ca/node/1456631,ARTS - 1
https://arts.ucalgary.ca/node/1456632,ARTS - 1
https://arts.ucalgary.ca/node/1456633,ARTS - 1
https://arts.ucalgary.ca/node/1456638,ARTS - 1
https://arts.ucalgary.ca/node/1456646,ARTS - 1
https://arts.ucalgary.ca/node/1456674,ARTS - 1
https://arts.ucalgary.ca/node/1456684,ARTS - 1
https://arts.ucalgary.ca/about/faculty-and-staff/faculty-and-staff-awards/recipients-2025,ARTS - 1
https://arts.ucalgary.ca/centre-military-security-strategic-studies/events/power-series,CMSS - 25
https://arts.ucalgary.ca/node/1456691,ARTS - 1
https://arts.ucalgary.ca/node/1456693,ARTS - 1
https://arts.ucalgary.ca/node/1456696,ARTS - 1
https://arts.ucalgary.ca/node/1456698,ARTS - 1
https://arts.ucalgary.ca/node/1456714,ARTS - 1
